horizon_h,train_rmse,train_mae,val_rmse,val_mae,baseline_rmse,baseline_mae
1,0.6091442878251573,0.4180062152057184,0.6091531394732773,0.4336915505285309,0.7990693992150524,0.5791666666666666
3,1.4382677003907243,1.0746425071559225,1.6210693758184378,1.3244847676628513,2.0257273825891353,1.5511904761904762
6,2.2929556424584017,1.7410207103076325,2.934649667106234,2.468702332248442,3.5019892306271547,2.6976190476190474
12,3.0068591394985447,2.2889639471129484,4.977467728779593,4.064749802272266,5.893625491034481,4.638690476190476
24,3.649135416690439,2.7896214611831334,6.5107352156912395,5.395544532536898,8.80254630368801,6.951785714285715
48,4.2220588247975686,3.280732790390108,6.654334842605221,5.531025862666455,8.906338032146385,7.848809523809523
