,Scenario,RMSE (train),MAE (train),RMSE (control),MAE (control),RMSE change [%],MAE change [%],Maximum error (control)
0,1,0.6330159839386927,0.43534441559576365,0.6041555088325666,0.4399422665984758,-4.5592016376195055,1.0561410317897488,2.508340509558069
1,3,1.4354269129471895,1.102252510063365,1.5549081273577818,1.1815659120905246,8.323740716639897,7.195574634944586,7.24108509586441
2,6,2.339418906544507,1.7937539890065626,2.6581114880703156,2.0200872041163027,13.622724029213781,12.61785152796179,10.41853395892186
3,12,3.5971034213807656,2.851693261710954,3.8767097393352135,3.0517274903120564,7.773096438998678,7.0145773140090935,13.455042385155247
4,24,5.19207090842434,4.167466151963017,5.4914560478514325,4.469438732168348,5.766198973541133,7.245951597305517,17.84270499997487
5,48,6.484185896229724,5.241722278651438,6.833616714881018,5.523970020670312,5.388969783461519,5.384637472466187,19.675413097656147
