,Scenario,RMSE (train),MAE (train),RMSE (control),MAE (control),RMSE change [%],MAE change [%],Maximum error (control)
0,1,0.6375043211788303,0.43781483950287203,0.607055489320381,0.43965037816301067,-4.7762549753616295,0.4192499875570332,2.5332080106978307
1,3,1.4429006632733918,1.1075830279853422,1.5560489007602705,1.1749199961919097,7.841720526358924,6.079631639810444,7.167461494381849
2,6,2.349814365722162,1.809488141640027,2.6692762929121483,2.032109568180564,13.595198491001085,12.303005552651173,9.998647583048992
3,12,3.6194926118339756,2.8523376973488985,3.9154380115453358,3.0889028179165323,8.1764333139889,8.293727660210394,13.862216264762017
4,24,5.2374225270535995,4.231611047858183,5.506734773548503,4.468197884887832,5.142075994514232,5.590940054601588,17.696905244646214
5,48,6.513971534291128,5.294790686255157,6.7393205077884355,5.416479917935517,3.4594712658938613,2.2982821964285662,19.93453174862466
