,Scenario,RMSE (train),MAE (train),RMSE (control),MAE (control),RMSE change [%],MAE change [%],Maximum error (control)
0,1,0.6330232283049889,0.4352075093143097,0.6041640645010585,0.440013770968978,-4.558942312623341,1.1043609202058102,2.50185768529985
1,3,1.4368105970739242,1.103614195251595,1.5528620842293521,1.1789476130664411,8.077020547577227,6.826064592044516,7.119326559994461
2,6,2.34116986083931,1.794022783397585,2.657723383225314,2.020864945483993,13.521168526939759,12.644330060112502,10.31776467842511
3,12,3.5983808033303637,2.8494082284603395,3.8759136478204517,3.0559839668382462,7.712714680814953,7.2497768594403444,13.426810408373747
4,24,5.192900967572184,4.168884102954011,5.488631097670151,4.470525037865428,5.694892545509652,7.235531798489651,17.935952492523548
5,48,6.485079198398911,5.242047492554831,6.826060660655057,5.515884261586814,5.257938289178178,5.223851356190644,19.855143229458715
